strategy,model,sim_id,size,depth,base_p,min_p,max_p,alpha,weight_scale,weight_shift,max_steps,lt_threshold,prob_map,edge_weight_key,metadata,month
ic_balanced,ic,0,13,2,0.12,0.01,0.75,4.0,9.0,0.5,8,0.35,sigmoid,weight,{},2025-07-31
ic_balanced,ic,1,10,1,0.12,0.01,0.75,4.0,9.0,0.5,8,0.35,sigmoid,weight,{},2025-07-31
ic_balanced,ic,2,13,2,0.12,0.01,0.75,4.0,9.0,0.5,8,0.35,sigmoid,weight,{},2025-07-31
ic_balanced,ic,3,17,4,0.12,0.01,0.75,4.0,9.0,0.5,8,0.35,sigmoid,weight,{},2025-07-31
ic_balanced,ic,4,13,2,0.12,0.01,0.75,4.0,9.0,0.5,8,0.35,sigmoid,weight,{},2025-07-31
ic_balanced,ic,5,11,2,0.12,0.01,0.75,4.0,9.0,0.5,8,0.35,sigmoid,weight,{},2025-07-31
ic_balanced,ic,6,12,1,0.12,0.01,0.75,4.0,9.0,0.5,8,0.35,sigmoid,weight,{},2025-07-31
ic_balanced,ic,7,18,3,0.12,0.01,0.75,4.0,9.0,0.5,8,0.35,sigmoid,weight,{},2025-07-31
ic_balanced,ic,8,8,0,0.12,0.01,0.75,4.0,9.0,0.5,8,0.35,sigmoid,weight,{},2025-07-31
ic_balanced,ic,9,12,2,0.12,0.01,0.75,4.0,9.0,0.5,8,0.35,sigmoid,weight,{},2025-07-31
ic_balanced,ic,10,11,1,0.12,0.01,0.75,4.0,9.0,0.5,8,0.35,sigmoid,weight,{},2025-07-31
ic_balanced,ic,11,26,7,0.12,0.01,0.75,4.0,9.0,0.5,8,0.35,sigmoid,weight,{},2025-07-31
ic_balanced,ic,12,10,2,0.12,0.01,0.75,4.0,9.0,0.5,8,0.35,sigmoid,weight,{},2025-07-31
ic_balanced,ic,13,8,0,0.12,0.01,0.75,4.0,9.0,0.5,8,0.35,sigmoid,weight,{},2025-07-31
ic_balanced,ic,14,14,3,0.12,0.01,0.75,4.0,9.0,0.5,8,0.35,sigmoid,weight,{},2025-07-31
ic_balanced,ic,15,12,2,0.12,0.01,0.75,4.0,9.0,0.5,8,0.35,sigmoid,weight,{},2025-07-31
ic_balanced,ic,16,11,2,0.12,0.01,0.75,4.0,9.0,0.5,8,0.35,sigmoid,weight,{},2025-07-31
ic_balanced,ic,17,14,3,0.12,0.01,0.75,4.0,9.0,0.5,8,0.35,sigmoid,weight,{},2025-07-31
ic_balanced,ic,18,13,3,0.12,0.01,0.75,4.0,9.0,0.5,8,0.35,sigmoid,weight,{},2025-07-31
ic_balanced,ic,19,8,0,0.12,0.01,0.75,4.0,9.0,0.5,8,0.35,sigmoid,weight,{},2025-07-31
ic_balanced,ic,20,25,5,0.12,0.01,0.75,4.0,9.0,0.5,8,0.35,sigmoid,weight,{},2025-07-31
ic_balanced,ic,21,9,1,0.12,0.01,0.75,4.0,9.0,0.5,8,0.35,sigmoid,weight,{},2025-07-31
ic_balanced,ic,22,15,2,0.12,0.01,0.75,4.0,9.0,0.5,8,0.35,sigmoid,weight,{},2025-07-31
ic_balanced,ic,23,13,3,0.12,0.01,0.75,4.0,9.0,0.5,8,0.35,sigmoid,weight,{},2025-07-31
ic_balanced,ic,24,14,5,0.12,0.01,0.75,4.0,9.0,0.5,8,0.35,sigmoid,weight,{},2025-07-31
ic_balanced,ic,25,10,1,0.12,0.01,0.75,4.0,9.0,0.5,8,0.35,sigmoid,weight,{},2025-07-31
ic_balanced,ic,26,11,2,0.12,0.01,0.75,4.0,9.0,0.5,8,0.35,sigmoid,weight,{},2025-07-31
ic_balanced,ic,27,11,2,0.12,0.01,0.75,4.0,9.0,0.5,8,0.35,sigmoid,weight,{},2025-07-31
ic_balanced,ic,28,10,1,0.12,0.01,0.75,4.0,9.0,0.5,8,0.35,sigmoid,weight,{},2025-07-31
ic_balanced,ic,29,9,1,0.12,0.01,0.75,4.0,9.0,0.5,8,0.35,sigmoid,weight,{},2025-07-31
ic_balanced,ic,30,10,2,0.12,0.01,0.75,4.0,9.0,0.5,8,0.35,sigmoid,weight,{},2025-07-31
ic_balanced,ic,31,12,2,0.12,0.01,0.75,4.0,9.0,0.5,8,0.35,sigmoid,weight,{},2025-07-31
ic_balanced,ic,32,14,2,0.12,0.01,0.75,4.0,9.0,0.5,8,0.35,sigmoid,weight,{},2025-07-31
ic_balanced,ic,33,13,2,0.12,0.01,0.75,4.0,9.0,0.5,8,0.35,sigmoid,weight,{},2025-07-31
ic_balanced,ic,34,11,2,0.12,0.01,0.75,4.0,9.0,0.5,8,0.35,sigmoid,weight,{},2025-07-31
ic_balanced,ic,35,16,2,0.12,0.01,0.75,4.0,9.0,0.5,8,0.35,sigmoid,weight,{},2025-07-31
ic_balanced,ic,36,15,4,0.12,0.01,0.75,4.0,9.0,0.5,8,0.35,sigmoid,weight,{},2025-07-31
ic_balanced,ic,37,12,3,0.12,0.01,0.75,4.0,9.0,0.5,8,0.35,sigmoid,weight,{},2025-07-31
ic_balanced,ic,38,17,3,0.12,0.01,0.75,4.0,9.0,0.5,8,0.35,sigmoid,weight,{},2025-07-31
ic_balanced,ic,39,13,2,0.12,0.01,0.75,4.0,9.0,0.5,8,0.35,sigmoid,weight,{},2025-07-31
ic_balanced,ic,40,12,2,0.12,0.01,0.75,4.0,9.0,0.5,8,0.35,sigmoid,weight,{},2025-07-31
ic_balanced,ic,41,11,3,0.12,0.01,0.75,4.0,9.0,0.5,8,0.35,sigmoid,weight,{},2025-07-31
ic_balanced,ic,42,8,0,0.12,0.01,0.75,4.0,9.0,0.5,8,0.35,sigmoid,weight,{},2025-07-31
ic_balanced,ic,43,10,1,0.12,0.01,0.75,4.0,9.0,0.5,8,0.35,sigmoid,weight,{},2025-07-31
ic_balanced,ic,44,13,3,0.12,0.01,0.75,4.0,9.0,0.5,8,0.35,sigmoid,weight,{},2025-07-31
ic_balanced,ic,45,9,1,0.12,0.01,0.75,4.0,9.0,0.5,8,0.35,sigmoid,weight,{},2025-07-31
ic_balanced,ic,46,9,1,0.12,0.01,0.75,4.0,9.0,0.5,8,0.35,sigmoid,weight,{},2025-07-31
ic_balanced,ic,47,9,1,0.12,0.01,0.75,4.0,9.0,0.5,8,0.35,sigmoid,weight,{},2025-07-31
ic_balanced,ic,48,14,3,0.12,0.01,0.75,4.0,9.0,0.5,8,0.35,sigmoid,weight,{},2025-07-31
ic_balanced,ic,49,14,3,0.12,0.01,0.75,4.0,9.0,0.5,8,0.35,sigmoid,weight,{},2025-07-31
ic_balanced,ic,50,10,1,0.12,0.01,0.75,4.0,9.0,0.5,8,0.35,sigmoid,weight,{},2025-07-31
ic_balanced,ic,51,12,1,0.12,0.01,0.75,4.0,9.0,0.5,8,0.35,sigmoid,weight,{},2025-07-31
ic_balanced,ic,52,8,0,0.12,0.01,0.75,4.0,9.0,0.5,8,0.35,sigmoid,weight,{},2025-07-31
ic_balanced,ic,53,17,4,0.12,0.01,0.75,4.0,9.0,0.5,8,0.35,sigmoid,weight,{},2025-07-31
ic_balanced,ic,54,13,2,0.12,0.01,0.75,4.0,9.0,0.5,8,0.35,sigmoid,weight,{},2025-07-31
ic_balanced,ic,55,8,0,0.12,0.01,0.75,4.0,9.0,0.5,8,0.35,sigmoid,weight,{},2025-07-31
ic_balanced,ic,56,18,6,0.12,0.01,0.75,4.0,9.0,0.5,8,0.35,sigmoid,weight,{},2025-07-31
ic_balanced,ic,57,14,3,0.12,0.01,0.75,4.0,9.0,0.5,8,0.35,sigmoid,weight,{},2025-07-31
ic_balanced,ic,58,14,2,0.12,0.01,0.75,4.0,9.0,0.5,8,0.35,sigmoid,weight,{},2025-07-31
ic_balanced,ic,59,12,2,0.12,0.01,0.75,4.0,9.0,0.5,8,0.35,sigmoid,weight,{},2025-07-31
ic_balanced,ic,60,11,1,0.12,0.01,0.75,4.0,9.0,0.5,8,0.35,sigmoid,weight,{},2025-07-31
ic_balanced,ic,61,17,3,0.12,0.01,0.75,4.0,9.0,0.5,8,0.35,sigmoid,weight,{},2025-07-31
ic_balanced,ic,62,12,3,0.12,0.01,0.75,4.0,9.0,0.5,8,0.35,sigmoid,weight,{},2025-07-31
ic_balanced,ic,63,13,4,0.12,0.01,0.75,4.0,9.0,0.5,8,0.35,sigmoid,weight,{},2025-07-31
ic_balanced,ic,64,18,4,0.12,0.01,0.75,4.0,9.0,0.5,8,0.35,sigmoid,weight,{},2025-07-31
ic_balanced,ic,65,9,1,0.12,0.01,0.75,4.0,9.0,0.5,8,0.35,sigmoid,weight,{},2025-07-31
ic_balanced,ic,66,14,2,0.12,0.01,0.75,4.0,9.0,0.5,8,0.35,sigmoid,weight,{},2025-07-31
ic_balanced,ic,67,10,1,0.12,0.01,0.75,4.0,9.0,0.5,8,0.35,sigmoid,weight,{},2025-07-31
ic_balanced,ic,68,11,2,0.12,0.01,0.75,4.0,9.0,0.5,8,0.35,sigmoid,weight,{},2025-07-31
ic_balanced,ic,69,17,3,0.12,0.01,0.75,4.0,9.0,0.5,8,0.35,sigmoid,weight,{},2025-07-31
ic_balanced,ic,70,10,1,0.12,0.01,0.75,4.0,9.0,0.5,8,0.35,sigmoid,weight,{},2025-07-31
ic_balanced,ic,71,17,2,0.12,0.01,0.75,4.0,9.0,0.5,8,0.35,sigmoid,weight,{},2025-07-31
ic_balanced,ic,72,10,1,0.12,0.01,0.75,4.0,9.0,0.5,8,0.35,sigmoid,weight,{},2025-07-31
ic_balanced,ic,73,9,1,0.12,0.01,0.75,4.0,9.0,0.5,8,0.35,sigmoid,weight,{},2025-07-31
ic_balanced,ic,74,10,1,0.12,0.01,0.75,4.0,9.0,0.5,8,0.35,sigmoid,weight,{},2025-07-31
ic_balanced,ic,75,9,1,0.12,0.01,0.75,4.0,9.0,0.5,8,0.35,sigmoid,weight,{},2025-07-31
ic_balanced,ic,76,11,3,0.12,0.01,0.75,4.0,9.0,0.5,8,0.35,sigmoid,weight,{},2025-07-31
ic_balanced,ic,77,15,4,0.12,0.01,0.75,4.0,9.0,0.5,8,0.35,sigmoid,weight,{},2025-07-31
ic_balanced,ic,78,15,3,0.12,0.01,0.75,4.0,9.0,0.5,8,0.35,sigmoid,weight,{},2025-07-31
ic_balanced,ic,79,15,5,0.12,0.01,0.75,4.0,9.0,0.5,8,0.35,sigmoid,weight,{},2025-07-31
ic_balanced,ic,80,13,2,0.12,0.01,0.75,4.0,9.0,0.5,8,0.35,sigmoid,weight,{},2025-07-31
ic_balanced,ic,81,17,6,0.12,0.01,0.75,4.0,9.0,0.5,8,0.35,sigmoid,weight,{},2025-07-31
ic_balanced,ic,82,9,1,0.12,0.01,0.75,4.0,9.0,0.5,8,0.35,sigmoid,weight,{},2025-07-31
ic_balanced,ic,83,15,3,0.12,0.01,0.75,4.0,9.0,0.5,8,0.35,sigmoid,weight,{},2025-07-31
ic_balanced,ic,84,11,2,0.12,0.01,0.75,4.0,9.0,0.5,8,0.35,sigmoid,weight,{},2025-07-31
ic_balanced,ic,85,10,2,0.12,0.01,0.75,4.0,9.0,0.5,8,0.35,sigmoid,weight,{},2025-07-31
ic_balanced,ic,86,10,1,0.12,0.01,0.75,4.0,9.0,0.5,8,0.35,sigmoid,weight,{},2025-07-31
ic_balanced,ic,87,12,3,0.12,0.01,0.75,4.0,9.0,0.5,8,0.35,sigmoid,weight,{},2025-07-31
ic_balanced,ic,88,19,3,0.12,0.01,0.75,4.0,9.0,0.5,8,0.35,sigmoid,weight,{},2025-07-31
ic_balanced,ic,89,16,2,0.12,0.01,0.75,4.0,9.0,0.5,8,0.35,sigmoid,weight,{},2025-07-31
ic_balanced,ic,90,23,5,0.12,0.01,0.75,4.0,9.0,0.5,8,0.35,sigmoid,weight,{},2025-07-31
ic_balanced,ic,91,18,3,0.12,0.01,0.75,4.0,9.0,0.5,8,0.35,sigmoid,weight,{},2025-07-31
ic_balanced,ic,92,14,3,0.12,0.01,0.75,4.0,9.0,0.5,8,0.35,sigmoid,weight,{},2025-07-31
ic_balanced,ic,93,17,4,0.12,0.01,0.75,4.0,9.0,0.5,8,0.35,sigmoid,weight,{},2025-07-31
ic_balanced,ic,94,10,1,0.12,0.01,0.75,4.0,9.0,0.5,8,0.35,sigmoid,weight,{},2025-07-31
ic_balanced,ic,95,10,2,0.12,0.01,0.75,4.0,9.0,0.5,8,0.35,sigmoid,weight,{},2025-07-31
ic_balanced,ic,96,12,3,0.12,0.01,0.75,4.0,9.0,0.5,8,0.35,sigmoid,weight,{},2025-07-31
ic_balanced,ic,97,9,1,0.12,0.01,0.75,4.0,9.0,0.5,8,0.35,sigmoid,weight,{},2025-07-31
ic_balanced,ic,98,13,4,0.12,0.01,0.75,4.0,9.0,0.5,8,0.35,sigmoid,weight,{},2025-07-31
ic_balanced,ic,99,8,0,0.12,0.01,0.75,4.0,9.0,0.5,8,0.35,sigmoid,weight,{},2025-07-31
ic_balanced,ic,100,12,2,0.12,0.01,0.75,4.0,9.0,0.5,8,0.35,sigmoid,weight,{},2025-07-31
ic_balanced,ic,101,17,4,0.12,0.01,0.75,4.0,9.0,0.5,8,0.35,sigmoid,weight,{},2025-07-31
ic_balanced,ic,102,8,0,0.12,0.01,0.75,4.0,9.0,0.5,8,0.35,sigmoid,weight,{},2025-07-31
ic_balanced,ic,103,12,3,0.12,0.01,0.75,4.0,9.0,0.5,8,0.35,sigmoid,weight,{},2025-07-31
ic_balanced,ic,104,13,2,0.12,0.01,0.75,4.0,9.0,0.5,8,0.35,sigmoid,weight,{},2025-07-31
ic_balanced,ic,105,13,3,0.12,0.01,0.75,4.0,9.0,0.5,8,0.35,sigmoid,weight,{},2025-07-31
ic_balanced,ic,106,11,2,0.12,0.01,0.75,4.0,9.0,0.5,8,0.35,sigmoid,weight,{},2025-07-31
ic_balanced,ic,107,12,2,0.12,0.01,0.75,4.0,9.0,0.5,8,0.35,sigmoid,weight,{},2025-07-31
ic_balanced,ic,108,14,3,0.12,0.01,0.75,4.0,9.0,0.5,8,0.35,sigmoid,weight,{},2025-07-31
ic_balanced,ic,109,19,5,0.12,0.01,0.75,4.0,9.0,0.5,8,0.35,sigmoid,weight,{},2025-07-31
ic_balanced,ic,110,8,0,0.12,0.01,0.75,4.0,9.0,0.5,8,0.35,sigmoid,weight,{},2025-07-31
ic_balanced,ic,111,8,0,0.12,0.01,0.75,4.0,9.0,0.5,8,0.35,sigmoid,weight,{},2025-07-31
ic_balanced,ic,112,10,1,0.12,0.01,0.75,4.0,9.0,0.5,8,0.35,sigmoid,weight,{},2025-07-31
ic_balanced,ic,113,11,2,0.12,0.01,0.75,4.0,9.0,0.5,8,0.35,sigmoid,weight,{},2025-07-31
ic_balanced,ic,114,8,0,0.12,0.01,0.75,4.0,9.0,0.5,8,0.35,sigmoid,weight,{},2025-07-31
ic_balanced,ic,115,13,2,0.12,0.01,0.75,4.0,9.0,0.5,8,0.35,sigmoid,weight,{},2025-07-31
ic_balanced,ic,116,23,4,0.12,0.01,0.75,4.0,9.0,0.5,8,0.35,sigmoid,weight,{},2025-07-31
ic_balanced,ic,117,12,2,0.12,0.01,0.75,4.0,9.0,0.5,8,0.35,sigmoid,weight,{},2025-07-31
ic_balanced,ic,118,18,4,0.12,0.01,0.75,4.0,9.0,0.5,8,0.35,sigmoid,weight,{},2025-07-31
ic_balanced,ic,119,19,3,0.12,0.01,0.75,4.0,9.0,0.5,8,0.35,sigmoid,weight,{},2025-07-31
ic_balanced,ic,120,10,1,0.12,0.01,0.75,4.0,9.0,0.5,8,0.35,sigmoid,weight,{},2025-07-31
ic_balanced,ic,121,13,2,0.12,0.01,0.75,4.0,9.0,0.5,8,0.35,sigmoid,weight,{},2025-07-31
ic_balanced,ic,122,12,2,0.12,0.01,0.75,4.0,9.0,0.5,8,0.35,sigmoid,weight,{},2025-07-31
ic_balanced,ic,123,13,3,0.12,0.01,0.75,4.0,9.0,0.5,8,0.35,sigmoid,weight,{},2025-07-31
ic_balanced,ic,124,17,4,0.12,0.01,0.75,4.0,9.0,0.5,8,0.35,sigmoid,weight,{},2025-07-31
ic_balanced,ic,125,11,1,0.12,0.01,0.75,4.0,9.0,0.5,8,0.35,sigmoid,weight,{},2025-07-31
ic_balanced,ic,126,10,2,0.12,0.01,0.75,4.0,9.0,0.5,8,0.35,sigmoid,weight,{},2025-07-31
ic_balanced,ic,127,12,2,0.12,0.01,0.75,4.0,9.0,0.5,8,0.35,sigmoid,weight,{},2025-07-31
ic_balanced,ic,128,14,3,0.12,0.01,0.75,4.0,9.0,0.5,8,0.35,sigmoid,weight,{},2025-07-31
ic_balanced,ic,129,9,1,0.12,0.01,0.75,4.0,9.0,0.5,8,0.35,sigmoid,weight,{},2025-07-31
ic_balanced,ic,130,11,2,0.12,0.01,0.75,4.0,9.0,0.5,8,0.35,sigmoid,weight,{},2025-07-31
ic_balanced,ic,131,15,3,0.12,0.01,0.75,4.0,9.0,0.5,8,0.35,sigmoid,weight,{},2025-07-31
ic_balanced,ic,132,11,2,0.12,0.01,0.75,4.0,9.0,0.5,8,0.35,sigmoid,weight,{},2025-07-31
ic_balanced,ic,133,13,3,0.12,0.01,0.75,4.0,9.0,0.5,8,0.35,sigmoid,weight,{},2025-07-31
ic_balanced,ic,134,9,1,0.12,0.01,0.75,4.0,9.0,0.5,8,0.35,sigmoid,weight,{},2025-07-31
ic_balanced,ic,135,9,1,0.12,0.01,0.75,4.0,9.0,0.5,8,0.35,sigmoid,weight,{},2025-07-31
ic_balanced,ic,136,8,0,0.12,0.01,0.75,4.0,9.0,0.5,8,0.35,sigmoid,weight,{},2025-07-31
ic_balanced,ic,137,9,1,0.12,0.01,0.75,4.0,9.0,0.5,8,0.35,sigmoid,weight,{},2025-07-31
ic_balanced,ic,138,11,2,0.12,0.01,0.75,4.0,9.0,0.5,8,0.35,sigmoid,weight,{},2025-07-31
ic_balanced,ic,139,11,2,0.12,0.01,0.75,4.0,9.0,0.5,8,0.35,sigmoid,weight,{},2025-07-31
ic_balanced,ic,140,10,2,0.12,0.01,0.75,4.0,9.0,0.5,8,0.35,sigmoid,weight,{},2025-07-31
ic_balanced,ic,141,9,1,0.12,0.01,0.75,4.0,9.0,0.5,8,0.35,sigmoid,weight,{},2025-07-31
ic_balanced,ic,142,9,1,0.12,0.01,0.75,4.0,9.0,0.5,8,0.35,sigmoid,weight,{},2025-07-31
ic_balanced,ic,143,9,1,0.12,0.01,0.75,4.0,9.0,0.5,8,0.35,sigmoid,weight,{},2025-07-31
ic_balanced,ic,144,14,3,0.12,0.01,0.75,4.0,9.0,0.5,8,0.35,sigmoid,weight,{},2025-07-31
ic_balanced,ic,145,16,3,0.12,0.01,0.75,4.0,9.0,0.5,8,0.35,sigmoid,weight,{},2025-07-31
ic_balanced,ic,146,12,2,0.12,0.01,0.75,4.0,9.0,0.5,8,0.35,sigmoid,weight,{},2025-07-31
ic_balanced,ic,147,18,3,0.12,0.01,0.75,4.0,9.0,0.5,8,0.35,sigmoid,weight,{},2025-07-31
ic_balanced,ic,148,9,1,0.12,0.01,0.75,4.0,9.0,0.5,8,0.35,sigmoid,weight,{},2025-07-31
ic_balanced,ic,149,14,4,0.12,0.01,0.75,4.0,9.0,0.5,8,0.35,sigmoid,weight,{},2025-07-31
ic_aggressive,ic,0,22,6,0.18,0.01,0.9,4.0,14.0,0.5,8,0.35,sigmoid,weight,{},2025-07-31
ic_aggressive,ic,1,10,1,0.18,0.01,0.9,4.0,14.0,0.5,8,0.35,sigmoid,weight,{},2025-07-31
ic_aggressive,ic,2,8,0,0.18,0.01,0.9,4.0,14.0,0.5,8,0.35,sigmoid,weight,{},2025-07-31
ic_aggressive,ic,3,8,0,0.18,0.01,0.9,4.0,14.0,0.5,8,0.35,sigmoid,weight,{},2025-07-31
ic_aggressive,ic,4,14,2,0.18,0.01,0.9,4.0,14.0,0.5,8,0.35,sigmoid,weight,{},2025-07-31
ic_aggressive,ic,5,21,4,0.18,0.01,0.9,4.0,14.0,0.5,8,0.35,sigmoid,weight,{},2025-07-31
ic_aggressive,ic,6,16,3,0.18,0.01,0.9,4.0,14.0,0.5,8,0.35,sigmoid,weight,{},2025-07-31
ic_aggressive,ic,7,9,1,0.18,0.01,0.9,4.0,14.0,0.5,8,0.35,sigmoid,weight,{},2025-07-31
ic_aggressive,ic,8,15,3,0.18,0.01,0.9,4.0,14.0,0.5,8,0.35,sigmoid,weight,{},2025-07-31
ic_aggressive,ic,9,13,2,0.18,0.01,0.9,4.0,14.0,0.5,8,0.35,sigmoid,weight,{},2025-07-31
ic_aggressive,ic,10,14,3,0.18,0.01,0.9,4.0,14.0,0.5,8,0.35,sigmoid,weight,{},2025-07-31
ic_aggressive,ic,11,17,4,0.18,0.01,0.9,4.0,14.0,0.5,8,0.35,sigmoid,weight,{},2025-07-31
ic_aggressive,ic,12,18,4,0.18,0.01,0.9,4.0,14.0,0.5,8,0.35,sigmoid,weight,{},2025-07-31
ic_aggressive,ic,13,15,3,0.18,0.01,0.9,4.0,14.0,0.5,8,0.35,sigmoid,weight,{},2025-07-31
ic_aggressive,ic,14,16,3,0.18,0.01,0.9,4.0,14.0,0.5,8,0.35,sigmoid,weight,{},2025-07-31
ic_aggressive,ic,15,9,1,0.18,0.01,0.9,4.0,14.0,0.5,8,0.35,sigmoid,weight,{},2025-07-31
ic_aggressive,ic,16,16,4,0.18,0.01,0.9,4.0,14.0,0.5,8,0.35,sigmoid,weight,{},2025-07-31
ic_aggressive,ic,17,12,2,0.18,0.01,0.9,4.0,14.0,0.5,8,0.35,sigmoid,weight,{},2025-07-31
ic_aggressive,ic,18,16,4,0.18,0.01,0.9,4.0,14.0,0.5,8,0.35,sigmoid,weight,{},2025-07-31
ic_aggressive,ic,19,13,4,0.18,0.01,0.9,4.0,14.0,0.5,8,0.35,sigmoid,weight,{},2025-07-31
ic_aggressive,ic,20,17,2,0.18,0.01,0.9,4.0,14.0,0.5,8,0.35,sigmoid,weight,{},2025-07-31
ic_aggressive,ic,21,19,5,0.18,0.01,0.9,4.0,14.0,0.5,8,0.35,sigmoid,weight,{},2025-07-31
ic_aggressive,ic,22,20,6,0.18,0.01,0.9,4.0,14.0,0.5,8,0.35,sigmoid,weight,{},2025-07-31
ic_aggressive,ic,23,17,4,0.18,0.01,0.9,4.0,14.0,0.5,8,0.35,sigmoid,weight,{},2025-07-31
ic_aggressive,ic,24,17,2,0.18,0.01,0.9,4.0,14.0,0.5,8,0.35,sigmoid,weight,{},2025-07-31
ic_aggressive,ic,25,11,2,0.18,0.01,0.9,4.0,14.0,0.5,8,0.35,sigmoid,weight,{},2025-07-31
ic_aggressive,ic,26,20,5,0.18,0.01,0.9,4.0,14.0,0.5,8,0.35,sigmoid,weight,{},2025-07-31
ic_aggressive,ic,27,15,2,0.18,0.01,0.9,4.0,14.0,0.5,8,0.35,sigmoid,weight,{},2025-07-31
ic_aggressive,ic,28,21,4,0.18,0.01,0.9,4.0,14.0,0.5,8,0.35,sigmoid,weight,{},2025-07-31
ic_aggressive,ic,29,23,5,0.18,0.01,0.9,4.0,14.0,0.5,8,0.35,sigmoid,weight,{},2025-07-31
ic_aggressive,ic,30,18,3,0.18,0.01,0.9,4.0,14.0,0.5,8,0.35,sigmoid,weight,{},2025-07-31
ic_aggressive,ic,31,14,2,0.18,0.01,0.9,4.0,14.0,0.5,8,0.35,sigmoid,weight,{},2025-07-31
ic_aggressive,ic,32,14,2,0.18,0.01,0.9,4.0,14.0,0.5,8,0.35,sigmoid,weight,{},2025-07-31
ic_aggressive,ic,33,12,3,0.18,0.01,0.9,4.0,14.0,0.5,8,0.35,sigmoid,weight,{},2025-07-31
ic_aggressive,ic,34,18,3,0.18,0.01,0.9,4.0,14.0,0.5,8,0.35,sigmoid,weight,{},2025-07-31
ic_aggressive,ic,35,8,0,0.18,0.01,0.9,4.0,14.0,0.5,8,0.35,sigmoid,weight,{},2025-07-31
ic_aggressive,ic,36,10,1,0.18,0.01,0.9,4.0,14.0,0.5,8,0.35,sigmoid,weight,{},2025-07-31
ic_aggressive,ic,37,26,8,0.18,0.01,0.9,4.0,14.0,0.5,8,0.35,sigmoid,weight,{},2025-07-31
ic_aggressive,ic,38,12,1,0.18,0.01,0.9,4.0,14.0,0.5,8,0.35,sigmoid,weight,{},2025-07-31
ic_aggressive,ic,39,12,1,0.18,0.01,0.9,4.0,14.0,0.5,8,0.35,sigmoid,weight,{},2025-07-31
ic_aggressive,ic,40,19,6,0.18,0.01,0.9,4.0,14.0,0.5,8,0.35,sigmoid,weight,{},2025-07-31
ic_aggressive,ic,41,11,2,0.18,0.01,0.9,4.0,14.0,0.5,8,0.35,sigmoid,weight,{},2025-07-31
ic_aggressive,ic,42,20,5,0.18,0.01,0.9,4.0,14.0,0.5,8,0.35,sigmoid,weight,{},2025-07-31
ic_aggressive,ic,43,15,4,0.18,0.01,0.9,4.0,14.0,0.5,8,0.35,sigmoid,weight,{},2025-07-31
ic_aggressive,ic,44,15,4,0.18,0.01,0.9,4.0,14.0,0.5,8,0.35,sigmoid,weight,{},2025-07-31
ic_aggressive,ic,45,14,3,0.18,0.01,0.9,4.0,14.0,0.5,8,0.35,sigmoid,weight,{},2025-07-31
ic_aggressive,ic,46,11,1,0.18,0.01,0.9,4.0,14.0,0.5,8,0.35,sigmoid,weight,{},2025-07-31
ic_aggressive,ic,47,19,3,0.18,0.01,0.9,4.0,14.0,0.5,8,0.35,sigmoid,weight,{},2025-07-31
ic_aggressive,ic,48,11,2,0.18,0.01,0.9,4.0,14.0,0.5,8,0.35,sigmoid,weight,{},2025-07-31
ic_aggressive,ic,49,15,3,0.18,0.01,0.9,4.0,14.0,0.5,8,0.35,sigmoid,weight,{},2025-07-31
ic_aggressive,ic,50,14,2,0.18,0.01,0.9,4.0,14.0,0.5,8,0.35,sigmoid,weight,{},2025-07-31
ic_aggressive,ic,51,15,2,0.18,0.01,0.9,4.0,14.0,0.5,8,0.35,sigmoid,weight,{},2025-07-31
ic_aggressive,ic,52,17,3,0.18,0.01,0.9,4.0,14.0,0.5,8,0.35,sigmoid,weight,{},2025-07-31
ic_aggressive,ic,53,21,5,0.18,0.01,0.9,4.0,14.0,0.5,8,0.35,sigmoid,weight,{},2025-07-31
ic_aggressive,ic,54,15,2,0.18,0.01,0.9,4.0,14.0,0.5,8,0.35,sigmoid,weight,{},2025-07-31
ic_aggressive,ic,55,24,3,0.18,0.01,0.9,4.0,14.0,0.5,8,0.35,sigmoid,weight,{},2025-07-31
ic_aggressive,ic,56,14,3,0.18,0.01,0.9,4.0,14.0,0.5,8,0.35,sigmoid,weight,{},2025-07-31
ic_aggressive,ic,57,12,2,0.18,0.01,0.9,4.0,14.0,0.5,8,0.35,sigmoid,weight,{},2025-07-31
ic_aggressive,ic,58,18,4,0.18,0.01,0.9,4.0,14.0,0.5,8,0.35,sigmoid,weight,{},2025-07-31
ic_aggressive,ic,59,23,5,0.18,0.01,0.9,4.0,14.0,0.5,8,0.35,sigmoid,weight,{},2025-07-31
ic_aggressive,ic,60,13,3,0.18,0.01,0.9,4.0,14.0,0.5,8,0.35,sigmoid,weight,{},2025-07-31
ic_aggressive,ic,61,16,2,0.18,0.01,0.9,4.0,14.0,0.5,8,0.35,sigmoid,weight,{},2025-07-31
ic_aggressive,ic,62,22,5,0.18,0.01,0.9,4.0,14.0,0.5,8,0.35,sigmoid,weight,{},2025-07-31
ic_aggressive,ic,63,14,2,0.18,0.01,0.9,4.0,14.0,0.5,8,0.35,sigmoid,weight,{},2025-07-31
ic_aggressive,ic,64,28,7,0.18,0.01,0.9,4.0,14.0,0.5,8,0.35,sigmoid,weight,{},2025-07-31
ic_aggressive,ic,65,21,3,0.18,0.01,0.9,4.0,14.0,0.5,8,0.35,sigmoid,weight,{},2025-07-31
ic_aggressive,ic,66,10,2,0.18,0.01,0.9,4.0,14.0,0.5,8,0.35,sigmoid,weight,{},2025-07-31
ic_aggressive,ic,67,16,2,0.18,0.01,0.9,4.0,14.0,0.5,8,0.35,sigmoid,weight,{},2025-07-31
ic_aggressive,ic,68,16,4,0.18,0.01,0.9,4.0,14.0,0.5,8,0.35,sigmoid,weight,{},2025-07-31
ic_aggressive,ic,69,10,2,0.18,0.01,0.9,4.0,14.0,0.5,8,0.35,sigmoid,weight,{},2025-07-31
ic_aggressive,ic,70,20,3,0.18,0.01,0.9,4.0,14.0,0.5,8,0.35,sigmoid,weight,{},2025-07-31
ic_aggressive,ic,71,24,7,0.18,0.01,0.9,4.0,14.0,0.5,8,0.35,sigmoid,weight,{},2025-07-31
ic_aggressive,ic,72,15,5,0.18,0.01,0.9,4.0,14.0,0.5,8,0.35,sigmoid,weight,{},2025-07-31
ic_aggressive,ic,73,10,1,0.18,0.01,0.9,4.0,14.0,0.5,8,0.35,sigmoid,weight,{},2025-07-31
ic_aggressive,ic,74,14,2,0.18,0.01,0.9,4.0,14.0,0.5,8,0.35,sigmoid,weight,{},2025-07-31
ic_aggressive,ic,75,21,5,0.18,0.01,0.9,4.0,14.0,0.5,8,0.35,sigmoid,weight,{},2025-07-31
ic_aggressive,ic,76,18,4,0.18,0.01,0.9,4.0,14.0,0.5,8,0.35,sigmoid,weight,{},2025-07-31
ic_aggressive,ic,77,17,4,0.18,0.01,0.9,4.0,14.0,0.5,8,0.35,sigmoid,weight,{},2025-07-31
ic_aggressive,ic,78,17,4,0.18,0.01,0.9,4.0,14.0,0.5,8,0.35,sigmoid,weight,{},2025-07-31
ic_aggressive,ic,79,14,3,0.18,0.01,0.9,4.0,14.0,0.5,8,0.35,sigmoid,weight,{},2025-07-31
ic_aggressive,ic,80,25,4,0.18,0.01,0.9,4.0,14.0,0.5,8,0.35,sigmoid,weight,{},2025-07-31
ic_aggressive,ic,81,15,4,0.18,0.01,0.9,4.0,14.0,0.5,8,0.35,sigmoid,weight,{},2025-07-31
ic_aggressive,ic,82,24,4,0.18,0.01,0.9,4.0,14.0,0.5,8,0.35,sigmoid,weight,{},2025-07-31
ic_aggressive,ic,83,13,4,0.18,0.01,0.9,4.0,14.0,0.5,8,0.35,sigmoid,weight,{},2025-07-31
ic_aggressive,ic,84,22,7,0.18,0.01,0.9,4.0,14.0,0.5,8,0.35,sigmoid,weight,{},2025-07-31
ic_aggressive,ic,85,12,2,0.18,0.01,0.9,4.0,14.0,0.5,8,0.35,sigmoid,weight,{},2025-07-31
ic_aggressive,ic,86,9,1,0.18,0.01,0.9,4.0,14.0,0.5,8,0.35,sigmoid,weight,{},2025-07-31
ic_aggressive,ic,87,11,1,0.18,0.01,0.9,4.0,14.0,0.5,8,0.35,sigmoid,weight,{},2025-07-31
ic_aggressive,ic,88,12,2,0.18,0.01,0.9,4.0,14.0,0.5,8,0.35,sigmoid,weight,{},2025-07-31
ic_aggressive,ic,89,11,2,0.18,0.01,0.9,4.0,14.0,0.5,8,0.35,sigmoid,weight,{},2025-07-31
ic_aggressive,ic,90,12,2,0.18,0.01,0.9,4.0,14.0,0.5,8,0.35,sigmoid,weight,{},2025-07-31
ic_aggressive,ic,91,10,2,0.18,0.01,0.9,4.0,14.0,0.5,8,0.35,sigmoid,weight,{},2025-07-31
ic_aggressive,ic,92,14,2,0.18,0.01,0.9,4.0,14.0,0.5,8,0.35,sigmoid,weight,{},2025-07-31
ic_aggressive,ic,93,9,1,0.18,0.01,0.9,4.0,14.0,0.5,8,0.35,sigmoid,weight,{},2025-07-31
ic_aggressive,ic,94,19,4,0.18,0.01,0.9,4.0,14.0,0.5,8,0.35,sigmoid,weight,{},2025-07-31
ic_aggressive,ic,95,20,3,0.18,0.01,0.9,4.0,14.0,0.5,8,0.35,sigmoid,weight,{},2025-07-31
ic_aggressive,ic,96,19,4,0.18,0.01,0.9,4.0,14.0,0.5,8,0.35,sigmoid,weight,{},2025-07-31
ic_aggressive,ic,97,23,5,0.18,0.01,0.9,4.0,14.0,0.5,8,0.35,sigmoid,weight,{},2025-07-31
ic_aggressive,ic,98,11,2,0.18,0.01,0.9,4.0,14.0,0.5,8,0.35,sigmoid,weight,{},2025-07-31
ic_aggressive,ic,99,23,6,0.18,0.01,0.9,4.0,14.0,0.5,8,0.35,sigmoid,weight,{},2025-07-31
ic_aggressive,ic,100,11,2,0.18,0.01,0.9,4.0,14.0,0.5,8,0.35,sigmoid,weight,{},2025-07-31
ic_aggressive,ic,101,20,5,0.18,0.01,0.9,4.0,14.0,0.5,8,0.35,sigmoid,weight,{},2025-07-31
ic_aggressive,ic,102,25,6,0.18,0.01,0.9,4.0,14.0,0.5,8,0.35,sigmoid,weight,{},2025-07-31
ic_aggressive,ic,103,20,5,0.18,0.01,0.9,4.0,14.0,0.5,8,0.35,sigmoid,weight,{},2025-07-31
ic_aggressive,ic,104,13,2,0.18,0.01,0.9,4.0,14.0,0.5,8,0.35,sigmoid,weight,{},2025-07-31
ic_aggressive,ic,105,12,1,0.18,0.01,0.9,4.0,14.0,0.5,8,0.35,sigmoid,weight,{},2025-07-31
ic_aggressive,ic,106,20,5,0.18,0.01,0.9,4.0,14.0,0.5,8,0.35,sigmoid,weight,{},2025-07-31
ic_aggressive,ic,107,9,1,0.18,0.01,0.9,4.0,14.0,0.5,8,0.35,sigmoid,weight,{},2025-07-31
ic_aggressive,ic,108,11,2,0.18,0.01,0.9,4.0,14.0,0.5,8,0.35,sigmoid,weight,{},2025-07-31
ic_aggressive,ic,109,19,3,0.18,0.01,0.9,4.0,14.0,0.5,8,0.35,sigmoid,weight,{},2025-07-31
ic_aggressive,ic,110,28,6,0.18,0.01,0.9,4.0,14.0,0.5,8,0.35,sigmoid,weight,{},2025-07-31
ic_aggressive,ic,111,16,3,0.18,0.01,0.9,4.0,14.0,0.5,8,0.35,sigmoid,weight,{},2025-07-31
ic_aggressive,ic,112,31,5,0.18,0.01,0.9,4.0,14.0,0.5,8,0.35,sigmoid,weight,{},2025-07-31
ic_aggressive,ic,113,11,1,0.18,0.01,0.9,4.0,14.0,0.5,8,0.35,sigmoid,weight,{},2025-07-31
ic_aggressive,ic,114,21,5,0.18,0.01,0.9,4.0,14.0,0.5,8,0.35,sigmoid,weight,{},2025-07-31
ic_aggressive,ic,115,15,3,0.18,0.01,0.9,4.0,14.0,0.5,8,0.35,sigmoid,weight,{},2025-07-31
ic_aggressive,ic,116,11,1,0.18,0.01,0.9,4.0,14.0,0.5,8,0.35,sigmoid,weight,{},2025-07-31
ic_aggressive,ic,117,12,2,0.18,0.01,0.9,4.0,14.0,0.5,8,0.35,sigmoid,weight,{},2025-07-31
ic_aggressive,ic,118,19,3,0.18,0.01,0.9,4.0,14.0,0.5,8,0.35,sigmoid,weight,{},2025-07-31
ic_aggressive,ic,119,13,1,0.18,0.01,0.9,4.0,14.0,0.5,8,0.35,sigmoid,weight,{},2025-07-31
ic_aggressive,ic,120,16,4,0.18,0.01,0.9,4.0,14.0,0.5,8,0.35,sigmoid,weight,{},2025-07-31
ic_aggressive,ic,121,13,2,0.18,0.01,0.9,4.0,14.0,0.5,8,0.35,sigmoid,weight,{},2025-07-31
ic_aggressive,ic,122,22,4,0.18,0.01,0.9,4.0,14.0,0.5,8,0.35,sigmoid,weight,{},2025-07-31
ic_aggressive,ic,123,28,6,0.18,0.01,0.9,4.0,14.0,0.5,8,0.35,sigmoid,weight,{},2025-07-31
ic_aggressive,ic,124,25,5,0.18,0.01,0.9,4.0,14.0,0.5,8,0.35,sigmoid,weight,{},2025-07-31
ic_aggressive,ic,125,17,4,0.18,0.01,0.9,4.0,14.0,0.5,8,0.35,sigmoid,weight,{},2025-07-31
ic_aggressive,ic,126,25,4,0.18,0.01,0.9,4.0,14.0,0.5,8,0.35,sigmoid,weight,{},2025-07-31
ic_aggressive,ic,127,12,3,0.18,0.01,0.9,4.0,14.0,0.5,8,0.35,sigmoid,weight,{},2025-07-31
ic_aggressive,ic,128,9,1,0.18,0.01,0.9,4.0,14.0,0.5,8,0.35,sigmoid,weight,{},2025-07-31
ic_aggressive,ic,129,10,1,0.18,0.01,0.9,4.0,14.0,0.5,8,0.35,sigmoid,weight,{},2025-07-31
ic_aggressive,ic,130,11,2,0.18,0.01,0.9,4.0,14.0,0.5,8,0.35,sigmoid,weight,{},2025-07-31
ic_aggressive,ic,131,9,1,0.18,0.01,0.9,4.0,14.0,0.5,8,0.35,sigmoid,weight,{},2025-07-31
ic_aggressive,ic,132,15,3,0.18,0.01,0.9,4.0,14.0,0.5,8,0.35,sigmoid,weight,{},2025-07-31
ic_aggressive,ic,133,18,4,0.18,0.01,0.9,4.0,14.0,0.5,8,0.35,sigmoid,weight,{},2025-07-31
ic_aggressive,ic,134,15,3,0.18,0.01,0.9,4.0,14.0,0.5,8,0.35,sigmoid,weight,{},2025-07-31
ic_aggressive,ic,135,12,2,0.18,0.01,0.9,4.0,14.0,0.5,8,0.35,sigmoid,weight,{},2025-07-31
ic_aggressive,ic,136,12,3,0.18,0.01,0.9,4.0,14.0,0.5,8,0.35,sigmoid,weight,{},2025-07-31
ic_aggressive,ic,137,22,6,0.18,0.01,0.9,4.0,14.0,0.5,8,0.35,sigmoid,weight,{},2025-07-31
ic_aggressive,ic,138,13,3,0.18,0.01,0.9,4.0,14.0,0.5,8,0.35,sigmoid,weight,{},2025-07-31
ic_aggressive,ic,139,15,3,0.18,0.01,0.9,4.0,14.0,0.5,8,0.35,sigmoid,weight,{},2025-07-31
ic_aggressive,ic,140,18,3,0.18,0.01,0.9,4.0,14.0,0.5,8,0.35,sigmoid,weight,{},2025-07-31
ic_aggressive,ic,141,17,3,0.18,0.01,0.9,4.0,14.0,0.5,8,0.35,sigmoid,weight,{},2025-07-31
ic_aggressive,ic,142,21,7,0.18,0.01,0.9,4.0,14.0,0.5,8,0.35,sigmoid,weight,{},2025-07-31
ic_aggressive,ic,143,11,2,0.18,0.01,0.9,4.0,14.0,0.5,8,0.35,sigmoid,weight,{},2025-07-31
ic_aggressive,ic,144,12,2,0.18,0.01,0.9,4.0,14.0,0.5,8,0.35,sigmoid,weight,{},2025-07-31
ic_aggressive,ic,145,12,2,0.18,0.01,0.9,4.0,14.0,0.5,8,0.35,sigmoid,weight,{},2025-07-31
ic_aggressive,ic,146,22,6,0.18,0.01,0.9,4.0,14.0,0.5,8,0.35,sigmoid,weight,{},2025-07-31
ic_aggressive,ic,147,16,3,0.18,0.01,0.9,4.0,14.0,0.5,8,0.35,sigmoid,weight,{},2025-07-31
ic_aggressive,ic,148,20,4,0.18,0.01,0.9,4.0,14.0,0.5,8,0.35,sigmoid,weight,{},2025-07-31
ic_aggressive,ic,149,26,5,0.18,0.01,0.9,4.0,14.0,0.5,8,0.35,sigmoid,weight,{},2025-07-31
lt_responsive,lt,0,37,5,0.1,0.01,0.85,4.0,10.0,0.5,10,0.3,sigmoid,weight,{},2025-07-31
lt_responsive,lt,1,37,6,0.1,0.01,0.85,4.0,10.0,0.5,10,0.3,sigmoid,weight,{},2025-07-31
lt_responsive,lt,2,44,10,0.1,0.01,0.85,4.0,10.0,0.5,10,0.3,sigmoid,weight,{},2025-07-31
lt_responsive,lt,3,44,9,0.1,0.01,0.85,4.0,10.0,0.5,10,0.3,sigmoid,weight,{},2025-07-31
lt_responsive,lt,4,37,7,0.1,0.01,0.85,4.0,10.0,0.5,10,0.3,sigmoid,weight,{},2025-07-31
lt_responsive,lt,5,44,8,0.1,0.01,0.85,4.0,10.0,0.5,10,0.3,sigmoid,weight,{},2025-07-31
lt_responsive,lt,6,37,6,0.1,0.01,0.85,4.0,10.0,0.5,10,0.3,sigmoid,weight,{},2025-07-31
lt_responsive,lt,7,37,8,0.1,0.01,0.85,4.0,10.0,0.5,10,0.3,sigmoid,weight,{},2025-07-31
lt_responsive,lt,8,44,9,0.1,0.01,0.85,4.0,10.0,0.5,10,0.3,sigmoid,weight,{},2025-07-31
lt_responsive,lt,9,44,9,0.1,0.01,0.85,4.0,10.0,0.5,10,0.3,sigmoid,weight,{},2025-07-31
lt_responsive,lt,10,35,6,0.1,0.01,0.85,4.0,10.0,0.5,10,0.3,sigmoid,weight,{},2025-07-31
lt_responsive,lt,11,44,9,0.1,0.01,0.85,4.0,10.0,0.5,10,0.3,sigmoid,weight,{},2025-07-31
lt_responsive,lt,12,37,7,0.1,0.01,0.85,4.0,10.0,0.5,10,0.3,sigmoid,weight,{},2025-07-31
lt_responsive,lt,13,44,9,0.1,0.01,0.85,4.0,10.0,0.5,10,0.3,sigmoid,weight,{},2025-07-31
lt_responsive,lt,14,44,8,0.1,0.01,0.85,4.0,10.0,0.5,10,0.3,sigmoid,weight,{},2025-07-31
lt_responsive,lt,15,42,10,0.1,0.01,0.85,4.0,10.0,0.5,10,0.3,sigmoid,weight,{},2025-07-31
lt_responsive,lt,16,37,6,0.1,0.01,0.85,4.0,10.0,0.5,10,0.3,sigmoid,weight,{},2025-07-31
lt_responsive,lt,17,46,9,0.1,0.01,0.85,4.0,10.0,0.5,10,0.3,sigmoid,weight,{},2025-07-31
lt_responsive,lt,18,44,10,0.1,0.01,0.85,4.0,10.0,0.5,10,0.3,sigmoid,weight,{},2025-07-31
lt_responsive,lt,19,43,10,0.1,0.01,0.85,4.0,10.0,0.5,10,0.3,sigmoid,weight,{},2025-07-31
lt_responsive,lt,20,37,7,0.1,0.01,0.85,4.0,10.0,0.5,10,0.3,sigmoid,weight,{},2025-07-31
lt_responsive,lt,21,44,8,0.1,0.01,0.85,4.0,10.0,0.5,10,0.3,sigmoid,weight,{},2025-07-31
lt_responsive,lt,22,46,9,0.1,0.01,0.85,4.0,10.0,0.5,10,0.3,sigmoid,weight,{},2025-07-31
lt_responsive,lt,23,44,7,0.1,0.01,0.85,4.0,10.0,0.5,10,0.3,sigmoid,weight,{},2025-07-31
lt_responsive,lt,24,37,10,0.1,0.01,0.85,4.0,10.0,0.5,10,0.3,sigmoid,weight,{},2025-07-31
lt_responsive,lt,25,44,8,0.1,0.01,0.85,4.0,10.0,0.5,10,0.3,sigmoid,weight,{},2025-07-31
lt_responsive,lt,26,39,6,0.1,0.01,0.85,4.0,10.0,0.5,10,0.3,sigmoid,weight,{},2025-07-31
lt_responsive,lt,27,46,8,0.1,0.01,0.85,4.0,10.0,0.5,10,0.3,sigmoid,weight,{},2025-07-31
lt_responsive,lt,28,39,8,0.1,0.01,0.85,4.0,10.0,0.5,10,0.3,sigmoid,weight,{},2025-07-31
lt_responsive,lt,29,46,6,0.1,0.01,0.85,4.0,10.0,0.5,10,0.3,sigmoid,weight,{},2025-07-31
lt_responsive,lt,30,46,9,0.1,0.01,0.85,4.0,10.0,0.5,10,0.3,sigmoid,weight,{},2025-07-31
lt_responsive,lt,31,37,9,0.1,0.01,0.85,4.0,10.0,0.5,10,0.3,sigmoid,weight,{},2025-07-31
lt_responsive,lt,32,44,9,0.1,0.01,0.85,4.0,10.0,0.5,10,0.3,sigmoid,weight,{},2025-07-31
lt_responsive,lt,33,44,10,0.1,0.01,0.85,4.0,10.0,0.5,10,0.3,sigmoid,weight,{},2025-07-31
lt_responsive,lt,34,44,8,0.1,0.01,0.85,4.0,10.0,0.5,10,0.3,sigmoid,weight,{},2025-07-31
lt_responsive,lt,35,37,6,0.1,0.01,0.85,4.0,10.0,0.5,10,0.3,sigmoid,weight,{},2025-07-31
lt_responsive,lt,36,44,9,0.1,0.01,0.85,4.0,10.0,0.5,10,0.3,sigmoid,weight,{},2025-07-31
lt_responsive,lt,37,37,6,0.1,0.01,0.85,4.0,10.0,0.5,10,0.3,sigmoid,weight,{},2025-07-31
lt_responsive,lt,38,44,9,0.1,0.01,0.85,4.0,10.0,0.5,10,0.3,sigmoid,weight,{},2025-07-31
lt_responsive,lt,39,44,6,0.1,0.01,0.85,4.0,10.0,0.5,10,0.3,sigmoid,weight,{},2025-07-31
lt_responsive,lt,40,48,10,0.1,0.01,0.85,4.0,10.0,0.5,10,0.3,sigmoid,weight,{},2025-07-31
lt_responsive,lt,41,46,10,0.1,0.01,0.85,4.0,10.0,0.5,10,0.3,sigmoid,weight,{},2025-07-31
lt_responsive,lt,42,43,10,0.1,0.01,0.85,4.0,10.0,0.5,10,0.3,sigmoid,weight,{},2025-07-31
lt_responsive,lt,43,44,10,0.1,0.01,0.85,4.0,10.0,0.5,10,0.3,sigmoid,weight,{},2025-07-31
lt_responsive,lt,44,44,9,0.1,0.01,0.85,4.0,10.0,0.5,10,0.3,sigmoid,weight,{},2025-07-31
lt_responsive,lt,45,44,9,0.1,0.01,0.85,4.0,10.0,0.5,10,0.3,sigmoid,weight,{},2025-07-31
lt_responsive,lt,46,44,9,0.1,0.01,0.85,4.0,10.0,0.5,10,0.3,sigmoid,weight,{},2025-07-31
lt_responsive,lt,47,44,9,0.1,0.01,0.85,4.0,10.0,0.5,10,0.3,sigmoid,weight,{},2025-07-31
lt_responsive,lt,48,37,6,0.1,0.01,0.85,4.0,10.0,0.5,10,0.3,sigmoid,weight,{},2025-07-31
lt_responsive,lt,49,37,8,0.1,0.01,0.85,4.0,10.0,0.5,10,0.3,sigmoid,weight,{},2025-07-31
lt_responsive,lt,50,44,7,0.1,0.01,0.85,4.0,10.0,0.5,10,0.3,sigmoid,weight,{},2025-07-31
lt_responsive,lt,51,16,2,0.1,0.01,0.85,4.0,10.0,0.5,10,0.3,sigmoid,weight,{},2025-07-31
lt_responsive,lt,52,37,7,0.1,0.01,0.85,4.0,10.0,0.5,10,0.3,sigmoid,weight,{},2025-07-31
lt_responsive,lt,53,44,8,0.1,0.01,0.85,4.0,10.0,0.5,10,0.3,sigmoid,weight,{},2025-07-31
lt_responsive,lt,54,44,9,0.1,0.01,0.85,4.0,10.0,0.5,10,0.3,sigmoid,weight,{},2025-07-31
lt_responsive,lt,55,18,2,0.1,0.01,0.85,4.0,10.0,0.5,10,0.3,sigmoid,weight,{},2025-07-31
lt_responsive,lt,56,44,9,0.1,0.01,0.85,4.0,10.0,0.5,10,0.3,sigmoid,weight,{},2025-07-31
lt_responsive,lt,57,44,9,0.1,0.01,0.85,4.0,10.0,0.5,10,0.3,sigmoid,weight,{},2025-07-31
lt_responsive,lt,58,44,9,0.1,0.01,0.85,4.0,10.0,0.5,10,0.3,sigmoid,weight,{},2025-07-31
lt_responsive,lt,59,44,8,0.1,0.01,0.85,4.0,10.0,0.5,10,0.3,sigmoid,weight,{},2025-07-31
lt_responsive,lt,60,44,9,0.1,0.01,0.85,4.0,10.0,0.5,10,0.3,sigmoid,weight,{},2025-07-31
lt_responsive,lt,61,44,6,0.1,0.01,0.85,4.0,10.0,0.5,10,0.3,sigmoid,weight,{},2025-07-31
lt_responsive,lt,62,37,8,0.1,0.01,0.85,4.0,10.0,0.5,10,0.3,sigmoid,weight,{},2025-07-31
lt_responsive,lt,63,44,9,0.1,0.01,0.85,4.0,10.0,0.5,10,0.3,sigmoid,weight,{},2025-07-31
lt_responsive,lt,64,44,10,0.1,0.01,0.85,4.0,10.0,0.5,10,0.3,sigmoid,weight,{},2025-07-31
lt_responsive,lt,65,44,6,0.1,0.01,0.85,4.0,10.0,0.5,10,0.3,sigmoid,weight,{},2025-07-31
lt_responsive,lt,66,39,8,0.1,0.01,0.85,4.0,10.0,0.5,10,0.3,sigmoid,weight,{},2025-07-31
lt_responsive,lt,67,44,7,0.1,0.01,0.85,4.0,10.0,0.5,10,0.3,sigmoid,weight,{},2025-07-31
lt_responsive,lt,68,46,9,0.1,0.01,0.85,4.0,10.0,0.5,10,0.3,sigmoid,weight,{},2025-07-31
lt_responsive,lt,69,44,9,0.1,0.01,0.85,4.0,10.0,0.5,10,0.3,sigmoid,weight,{},2025-07-31
lt_responsive,lt,70,46,9,0.1,0.01,0.85,4.0,10.0,0.5,10,0.3,sigmoid,weight,{},2025-07-31
lt_responsive,lt,71,46,8,0.1,0.01,0.85,4.0,10.0,0.5,10,0.3,sigmoid,weight,{},2025-07-31
lt_responsive,lt,72,44,7,0.1,0.01,0.85,4.0,10.0,0.5,10,0.3,sigmoid,weight,{},2025-07-31
lt_responsive,lt,73,43,10,0.1,0.01,0.85,4.0,10.0,0.5,10,0.3,sigmoid,weight,{},2025-07-31
lt_responsive,lt,74,46,10,0.1,0.01,0.85,4.0,10.0,0.5,10,0.3,sigmoid,weight,{},2025-07-31
lt_responsive,lt,75,37,10,0.1,0.01,0.85,4.0,10.0,0.5,10,0.3,sigmoid,weight,{},2025-07-31
lt_responsive,lt,76,42,8,0.1,0.01,0.85,4.0,10.0,0.5,10,0.3,sigmoid,weight,{},2025-07-31
lt_responsive,lt,77,44,9,0.1,0.01,0.85,4.0,10.0,0.5,10,0.3,sigmoid,weight,{},2025-07-31
lt_responsive,lt,78,37,7,0.1,0.01,0.85,4.0,10.0,0.5,10,0.3,sigmoid,weight,{},2025-07-31
lt_responsive,lt,79,46,10,0.1,0.01,0.85,4.0,10.0,0.5,10,0.3,sigmoid,weight,{},2025-07-31
lt_responsive,lt,80,37,8,0.1,0.01,0.85,4.0,10.0,0.5,10,0.3,sigmoid,weight,{},2025-07-31
lt_responsive,lt,81,44,10,0.1,0.01,0.85,4.0,10.0,0.5,10,0.3,sigmoid,weight,{},2025-07-31
lt_responsive,lt,82,18,2,0.1,0.01,0.85,4.0,10.0,0.5,10,0.3,sigmoid,weight,{},2025-07-31
lt_responsive,lt,83,44,9,0.1,0.01,0.85,4.0,10.0,0.5,10,0.3,sigmoid,weight,{},2025-07-31
lt_responsive,lt,84,44,10,0.1,0.01,0.85,4.0,10.0,0.5,10,0.3,sigmoid,weight,{},2025-07-31
lt_responsive,lt,85,45,10,0.1,0.01,0.85,4.0,10.0,0.5,10,0.3,sigmoid,weight,{},2025-07-31
lt_responsive,lt,86,35,6,0.1,0.01,0.85,4.0,10.0,0.5,10,0.3,sigmoid,weight,{},2025-07-31
lt_responsive,lt,87,37,7,0.1,0.01,0.85,4.0,10.0,0.5,10,0.3,sigmoid,weight,{},2025-07-31
lt_responsive,lt,88,44,9,0.1,0.01,0.85,4.0,10.0,0.5,10,0.3,sigmoid,weight,{},2025-07-31
lt_responsive,lt,89,44,9,0.1,0.01,0.85,4.0,10.0,0.5,10,0.3,sigmoid,weight,{},2025-07-31
lt_responsive,lt,90,44,6,0.1,0.01,0.85,4.0,10.0,0.5,10,0.3,sigmoid,weight,{},2025-07-31
lt_responsive,lt,91,39,6,0.1,0.01,0.85,4.0,10.0,0.5,10,0.3,sigmoid,weight,{},2025-07-31
lt_responsive,lt,92,39,9,0.1,0.01,0.85,4.0,10.0,0.5,10,0.3,sigmoid,weight,{},2025-07-31
lt_responsive,lt,93,44,10,0.1,0.01,0.85,4.0,10.0,0.5,10,0.3,sigmoid,weight,{},2025-07-31
lt_responsive,lt,94,46,6,0.1,0.01,0.85,4.0,10.0,0.5,10,0.3,sigmoid,weight,{},2025-07-31
lt_responsive,lt,95,46,9,0.1,0.01,0.85,4.0,10.0,0.5,10,0.3,sigmoid,weight,{},2025-07-31
lt_responsive,lt,96,46,7,0.1,0.01,0.85,4.0,10.0,0.5,10,0.3,sigmoid,weight,{},2025-07-31
lt_responsive,lt,97,46,7,0.1,0.01,0.85,4.0,10.0,0.5,10,0.3,sigmoid,weight,{},2025-07-31
lt_responsive,lt,98,46,9,0.1,0.01,0.85,4.0,10.0,0.5,10,0.3,sigmoid,weight,{},2025-07-31
lt_responsive,lt,99,44,9,0.1,0.01,0.85,4.0,10.0,0.5,10,0.3,sigmoid,weight,{},2025-07-31
lt_responsive,lt,100,46,10,0.1,0.01,0.85,4.0,10.0,0.5,10,0.3,sigmoid,weight,{},2025-07-31
lt_responsive,lt,101,37,5,0.1,0.01,0.85,4.0,10.0,0.5,10,0.3,sigmoid,weight,{},2025-07-31
lt_responsive,lt,102,44,10,0.1,0.01,0.85,4.0,10.0,0.5,10,0.3,sigmoid,weight,{},2025-07-31
lt_responsive,lt,103,43,10,0.1,0.01,0.85,4.0,10.0,0.5,10,0.3,sigmoid,weight,{},2025-07-31
lt_responsive,lt,104,44,8,0.1,0.01,0.85,4.0,10.0,0.5,10,0.3,sigmoid,weight,{},2025-07-31
lt_responsive,lt,105,43,10,0.1,0.01,0.85,4.0,10.0,0.5,10,0.3,sigmoid,weight,{},2025-07-31
lt_responsive,lt,106,44,8,0.1,0.01,0.85,4.0,10.0,0.5,10,0.3,sigmoid,weight,{},2025-07-31
lt_responsive,lt,107,44,9,0.1,0.01,0.85,4.0,10.0,0.5,10,0.3,sigmoid,weight,{},2025-07-31
lt_responsive,lt,108,44,5,0.1,0.01,0.85,4.0,10.0,0.5,10,0.3,sigmoid,weight,{},2025-07-31
lt_responsive,lt,109,44,8,0.1,0.01,0.85,4.0,10.0,0.5,10,0.3,sigmoid,weight,{},2025-07-31
lt_responsive,lt,110,37,6,0.1,0.01,0.85,4.0,10.0,0.5,10,0.3,sigmoid,weight,{},2025-07-31
lt_responsive,lt,111,44,10,0.1,0.01,0.85,4.0,10.0,0.5,10,0.3,sigmoid,weight,{},2025-07-31
lt_responsive,lt,112,46,8,0.1,0.01,0.85,4.0,10.0,0.5,10,0.3,sigmoid,weight,{},2025-07-31
lt_responsive,lt,113,35,6,0.1,0.01,0.85,4.0,10.0,0.5,10,0.3,sigmoid,weight,{},2025-07-31
lt_responsive,lt,114,18,3,0.1,0.01,0.85,4.0,10.0,0.5,10,0.3,sigmoid,weight,{},2025-07-31
lt_responsive,lt,115,37,10,0.1,0.01,0.85,4.0,10.0,0.5,10,0.3,sigmoid,weight,{},2025-07-31
lt_responsive,lt,116,44,7,0.1,0.01,0.85,4.0,10.0,0.5,10,0.3,sigmoid,weight,{},2025-07-31
lt_responsive,lt,117,39,4,0.1,0.01,0.85,4.0,10.0,0.5,10,0.3,sigmoid,weight,{},2025-07-31
lt_responsive,lt,118,44,9,0.1,0.01,0.85,4.0,10.0,0.5,10,0.3,sigmoid,weight,{},2025-07-31
lt_responsive,lt,119,44,9,0.1,0.01,0.85,4.0,10.0,0.5,10,0.3,sigmoid,weight,{},2025-07-31
lt_responsive,lt,120,46,7,0.1,0.01,0.85,4.0,10.0,0.5,10,0.3,sigmoid,weight,{},2025-07-31
lt_responsive,lt,121,44,8,0.1,0.01,0.85,4.0,10.0,0.5,10,0.3,sigmoid,weight,{},2025-07-31
lt_responsive,lt,122,44,10,0.1,0.01,0.85,4.0,10.0,0.5,10,0.3,sigmoid,weight,{},2025-07-31
lt_responsive,lt,123,44,7,0.1,0.01,0.85,4.0,10.0,0.5,10,0.3,sigmoid,weight,{},2025-07-31
lt_responsive,lt,124,37,9,0.1,0.01,0.85,4.0,10.0,0.5,10,0.3,sigmoid,weight,{},2025-07-31
lt_responsive,lt,125,44,7,0.1,0.01,0.85,4.0,10.0,0.5,10,0.3,sigmoid,weight,{},2025-07-31
lt_responsive,lt,126,46,8,0.1,0.01,0.85,4.0,10.0,0.5,10,0.3,sigmoid,weight,{},2025-07-31
lt_responsive,lt,127,46,6,0.1,0.01,0.85,4.0,10.0,0.5,10,0.3,sigmoid,weight,{},2025-07-31
lt_responsive,lt,128,44,7,0.1,0.01,0.85,4.0,10.0,0.5,10,0.3,sigmoid,weight,{},2025-07-31
lt_responsive,lt,129,37,5,0.1,0.01,0.85,4.0,10.0,0.5,10,0.3,sigmoid,weight,{},2025-07-31
lt_responsive,lt,130,44,9,0.1,0.01,0.85,4.0,10.0,0.5,10,0.3,sigmoid,weight,{},2025-07-31
lt_responsive,lt,131,44,7,0.1,0.01,0.85,4.0,10.0,0.5,10,0.3,sigmoid,weight,{},2025-07-31
lt_responsive,lt,132,18,3,0.1,0.01,0.85,4.0,10.0,0.5,10,0.3,sigmoid,weight,{},2025-07-31
lt_responsive,lt,133,44,9,0.1,0.01,0.85,4.0,10.0,0.5,10,0.3,sigmoid,weight,{},2025-07-31
lt_responsive,lt,134,44,10,0.1,0.01,0.85,4.0,10.0,0.5,10,0.3,sigmoid,weight,{},2025-07-31
lt_responsive,lt,135,43,10,0.1,0.01,0.85,4.0,10.0,0.5,10,0.3,sigmoid,weight,{},2025-07-31
lt_responsive,lt,136,37,7,0.1,0.01,0.85,4.0,10.0,0.5,10,0.3,sigmoid,weight,{},2025-07-31
lt_responsive,lt,137,37,7,0.1,0.01,0.85,4.0,10.0,0.5,10,0.3,sigmoid,weight,{},2025-07-31
lt_responsive,lt,138,45,10,0.1,0.01,0.85,4.0,10.0,0.5,10,0.3,sigmoid,weight,{},2025-07-31
lt_responsive,lt,139,44,9,0.1,0.01,0.85,4.0,10.0,0.5,10,0.3,sigmoid,weight,{},2025-07-31
lt_responsive,lt,140,35,8,0.1,0.01,0.85,4.0,10.0,0.5,10,0.3,sigmoid,weight,{},2025-07-31
lt_responsive,lt,141,42,9,0.1,0.01,0.85,4.0,10.0,0.5,10,0.3,sigmoid,weight,{},2025-07-31
lt_responsive,lt,142,44,5,0.1,0.01,0.85,4.0,10.0,0.5,10,0.3,sigmoid,weight,{},2025-07-31
lt_responsive,lt,143,37,7,0.1,0.01,0.85,4.0,10.0,0.5,10,0.3,sigmoid,weight,{},2025-07-31
lt_responsive,lt,144,44,8,0.1,0.01,0.85,4.0,10.0,0.5,10,0.3,sigmoid,weight,{},2025-07-31
lt_responsive,lt,145,44,7,0.1,0.01,0.85,4.0,10.0,0.5,10,0.3,sigmoid,weight,{},2025-07-31
lt_responsive,lt,146,37,7,0.1,0.01,0.85,4.0,10.0,0.5,10,0.3,sigmoid,weight,{},2025-07-31
lt_responsive,lt,147,37,6,0.1,0.01,0.85,4.0,10.0,0.5,10,0.3,sigmoid,weight,{},2025-07-31
lt_responsive,lt,148,44,9,0.1,0.01,0.85,4.0,10.0,0.5,10,0.3,sigmoid,weight,{},2025-07-31
lt_responsive,lt,149,44,7,0.1,0.01,0.85,4.0,10.0,0.5,10,0.3,sigmoid,weight,{},2025-07-31
